,timestamp,unit_id,product_name,popularity,price,durability,daysuntilexpiration,barcode
0,2023-07-13 16:03:39,1,broccoli,low,1,low,222,4957
1,2023-07-13 16:03:39,2,cheese,low,0,medium,353,2312
2,2023-07-13 16:03:39,3,broccoli,low,1,medium,72,8433
3,2023-07-13 16:03:39,4,cola,medium,1,low,355,2857
4,2023-07-13 16:03:39,5,apple,high,9,high,42,4699
5,2023-07-13 16:03:39,6,fish,low,7,low,201,8083
6,2023-07-13 16:03:39,7,berry,low,7,medium,114,9308
7,2023-07-13 16:03:39,8,salad,high,5,medium,1,4364
8,2023-07-13 16:03:39,9,berry,high,5,low,128,8183
9,2023-07-13 16:03:39,10,bananna,medium,4,high,114,6069
10,2023-07-13 16:03:39,11,salad,medium,3,medium,311,2917
11,2023-07-13 16:03:39,12,berry,high,6,medium,159,6411
12,2023-07-13 16:03:39,13,fish,high,7,high,299,9001
13,2023-07-13 16:03:39,14,cheese,medium,9,medium,157,7099
14,2023-07-13 16:03:39,15,bananna,low,0,low,10,1347
15,2023-07-13 16:03:39,16,fish,low,3,low,66,8337
16,2023-07-13 16:03:39,17,apple,medium,1,medium,249,3488
17,2023-07-13 16:03:39,18,fish,high,6,low,78,3370
18,2023-07-13 16:03:39,19,beef,medium,7,high,111,7320
19,2023-07-13 16:03:39,20,strawberry,medium,8,low,273,5282
20,2023-07-13 16:03:39,21,cheese,high,9,high,194,6355
21,2023-07-13 16:03:39,22,salad,medium,8,low,34,8343
22,2023-07-13 16:03:39,23,berry,high,7,low,299,9184
23,2023-07-13 16:03:39,24,fish,high,3,medium,313,1667
24,2023-07-13 16:03:39,25,chicken,high,9,low,86,8054
25,2023-07-13 16:03:39,26,berry,low,8,high,331,8397
26,2023-07-13 16:03:39,27,cheese,low,1,low,358,6618
27,2023-07-13 16:03:39,28,fish,high,3,medium,285,4882
28,2023-07-13 16:03:39,29,salad,medium,7,low,190,1044
29,2023-07-13 16:03:39,30,kiwi,medium,6,medium,267,5898
30,2023-07-13 16:03:39,31,salad,high,9,medium,112,3580
31,2023-07-13 16:03:39,32,broccoli,low,0,low,59,3307
32,2023-07-13 16:03:39,33,bananna,medium,6,low,297,4199
33,2023-07-13 16:03:39,34,fish,medium,7,medium,250,8380
34,2023-07-13 16:03:39,35,apple,high,3,medium,10,5340
35,2023-07-13 16:03:39,36,broccoli,low,7,low,236,1048
36,2023-07-13 16:03:39,37,strawberry,medium,5,high,72,7371
37,2023-07-13 16:03:39,38,kiwi,high,4,high,16,9289
38,2023-07-13 16:03:39,39,kiwi,high,4,medium,302,4923
39,2023-07-13 16:03:39,40,broccoli,low,2,low,156,4138
40,2023-07-13 16:03:39,41,strawberry,low,4,low,164,2546
41,2023-07-13 16:03:39,42,yogurt,low,2,low,36,9365
42,2023-07-13 16:03:39,43,cheese,low,5,medium,232,8392
43,2023-07-13 16:03:39,44,apple,low,4,low,66,2838
44,2023-07-13 16:03:39,45,pepsi,medium,5,medium,272,8376
45,2023-07-13 16:03:39,46,broccoli,low,4,low,65,9235
46,2023-07-13 16:03:39,47,chicken,low,4,low,132,3823
47,2023-07-13 16:03:39,48,lamb,medium,9,low,228,3089
48,2023-07-13 16:03:39,49,salad,medium,3,low,224,2761
49,2023-07-13 16:03:39,50,apple,high,4,low,8,1364
50,2023-07-13 16:03:39,51,bananna,high,0,low,257,7538
51,2023-07-13 16:03:39,52,fish,medium,2,high,147,3988
52,2023-07-13 16:03:39,53,pepsi,high,9,low,151,4035
53,2023-07-13 16:03:39,54,cheese,low,6,medium,241,5378
54,2023-07-13 16:03:39,55,salad,low,8,high,360,1536
55,2023-07-13 16:03:39,56,chicken,high,1,low,64,3775
56,2023-07-13 16:03:39,57,fish,medium,8,low,129,2609
57,2023-07-13 16:03:39,58,cheese,low,0,low,123,4058
58,2023-07-13 16:03:39,59,strawberry,low,4,low,213,4011
59,2023-07-13 16:03:39,60,beef,low,5,low,297,8332
60,2023-07-13 16:03:39,61,broccoli,medium,1,low,184,2392
61,2023-07-13 16:03:39,62,salad,high,6,low,349,4588
62,2023-07-13 16:03:39,63,cheese,medium,3,high,272,5888
63,2023-07-13 16:03:39,64,salad,high,5,high,27,9797
64,2023-07-13 16:03:39,65,cheese,high,4,high,206,3773
65,2023-07-13 16:03:39,66,kiwi,medium,2,low,284,5325
66,2023-07-13 16:03:39,67,lamb,high,9,high,293,7370
67,2023-07-13 16:03:39,68,fish,low,9,medium,337,2209
68,2023-07-13 16:03:39,69,kiwi,high,7,medium,175,7824
69,2023-07-13 16:03:39,70,kiwi,high,4,medium,262,9697
70,2023-07-13 16:03:39,71,cola,low,0,medium,115,3729
71,2023-07-13 16:03:39,72,apple,medium,2,low,326,4814
72,2023-07-13 16:03:39,73,berry,medium,6,high,212,7148
73,2023-07-13 16:03:39,74,salad,low,3,high,259,3459
74,2023-07-13 16:03:39,75,lamb,medium,2,low,218,2480
75,2023-07-13 16:03:39,76,pepsi,medium,1,low,304,1368
76,2023-07-13 16:03:39,77,bananna,high,7,low,155,8944
77,2023-07-13 16:03:39,78,cheese,low,8,low,137,2587
78,2023-07-13 16:03:39,79,broccoli,high,3,low,152,3450
79,2023-07-13 16:03:39,80,apple,low,0,medium,205,3549
80,2023-07-13 16:03:39,81,cola,medium,9,high,129,2739
81,2023-07-13 16:03:39,82,lamb,high,1,high,171,1081
82,2023-07-13 16:03:39,83,fish,low,7,high,252,1841
83,2023-07-13 16:03:39,84,lamb,high,8,high,154,5434
84,2023-07-13 16:03:39,85,lamb,medium,6,high,26,3774
85,2023-07-13 16:03:39,86,bananna,medium,9,medium,351,6424
86,2023-07-13 16:03:39,87,bananna,high,2,medium,319,7305
87,2023-07-13 16:03:39,88,cola,low,6,low,237,4415
88,2023-07-13 16:03:39,89,pepsi,medium,4,high,226,7607
89,2023-07-13 16:03:39,90,apple,high,9,medium,282,5821
90,2023-07-13 16:03:39,91,salad,high,2,high,45,2686
91,2023-07-13 16:03:39,92,beef,low,9,high,213,2301
92,2023-07-13 16:03:39,93,kiwi,high,8,high,316,4093
93,2023-07-13 16:03:39,94,cheese,medium,2,medium,287,2485
94,2023-07-13 16:03:39,95,berry,high,1,medium,333,2219
95,2023-07-13 16:03:39,96,cola,low,9,low,9,4713
96,2023-07-13 16:03:39,97,chicken,high,6,high,49,4525
97,2023-07-13 16:03:39,98,cola,high,7,medium,327,2253
98,2023-07-13 16:03:39,99,fish,low,5,high,349,3789
99,2023-07-13 16:03:39,100,yogurt,high,4,low,303,7129
100,2023-07-13 16:03:39,101,chicken,high,1,medium,162,5147
101,2023-07-13 16:03:39,102,strawberry,low,3,medium,161,7287
102,2023-07-13 16:03:39,103,strawberry,high,5,high,355,7518
103,2023-07-13 16:03:39,104,pepsi,high,2,high,256,7742
104,2023-07-13 16:03:39,105,salad,high,8,low,177,3284
105,2023-07-13 16:03:39,106,lamb,high,7,medium,24,7496
106,2023-07-13 16:03:39,107,kiwi,medium,3,high,362,1307
107,2023-07-13 16:03:39,108,yogurt,high,0,high,322,2835
108,2023-07-13 16:03:39,109,lamb,low,5,medium,60,4647
109,2023-07-13 16:03:39,110,broccoli,medium,5,high,361,7453
110,2023-07-13 16:03:39,111,bananna,medium,7,low,142,8599
111,2023-07-13 16:03:39,112,fish,low,7,medium,234,9669
112,2023-07-13 16:03:39,113,strawberry,high,3,low,249,6284
113,2023-07-13 16:03:39,114,pepsi,high,7,high,198,1642
114,2023-07-13 16:03:39,115,beef,low,0,low,87,4730
115,2023-07-13 16:03:39,116,berry,high,7,medium,133,7095
116,2023-07-13 16:03:39,117,bananna,high,6,high,76,1798
117,2023-07-13 16:03:39,118,pepsi,high,1,high,254,8853
118,2023-07-13 16:03:39,119,fish,medium,5,high,125,3594
119,2023-07-13 16:03:39,120,berry,low,1,high,353,7127
120,2023-07-13 16:03:39,121,apple,medium,0,high,354,8129
121,2023-07-13 16:03:39,122,kiwi,high,3,high,332,6580
122,2023-07-13 16:03:39,123,strawberry,high,2,low,188,6116
123,2023-07-13 16:03:39,124,cheese,medium,0,low,42,7777
124,2023-07-13 16:03:39,125,bananna,high,9,high,290,7348
125,2023-07-13 16:03:39,126,fish,medium,8,low,296,7446
126,2023-07-13 16:03:39,127,cheese,high,1,high,215,8227
127,2023-07-13 16:03:39,128,salad,low,7,medium,22,2839
128,2023-07-13 16:03:39,129,cheese,high,3,high,178,2420
129,2023-07-13 16:03:39,130,chicken,high,3,high,50,9917
130,2023-07-13 16:03:39,131,lamb,low,6,low,232,6677
131,2023-07-13 16:03:39,132,cheese,high,2,low,348,6064
132,2023-07-13 16:03:39,133,kiwi,high,8,medium,220,2897
133,2023-07-13 16:03:39,134,bananna,low,2,high,126,4156
134,2023-07-13 16:03:39,135,cheese,medium,9,low,67,5480
135,2023-07-13 16:03:39,136,beef,low,7,low,17,2558
136,2023-07-13 16:03:39,137,yogurt,low,1,high,300,5264
137,2023-07-13 16:03:39,138,kiwi,low,3,low,221,1305
138,2023-07-13 16:03:39,139,apple,high,3,high,329,2990
139,2023-07-13 16:03:39,140,lamb,low,6,low,141,8611
140,2023-07-13 16:03:39,141,apple,high,3,medium,300,2663
141,2023-07-13 16:03:39,142,broccoli,low,8,high,165,2989
142,2023-07-13 16:03:39,143,apple,medium,7,low,189,5017
143,2023-07-13 16:03:39,144,lamb,low,5,high,160,3590
144,2023-07-13 16:03:39,145,lamb,low,2,medium,31,3214
145,2023-07-13 16:03:39,146,fish,low,8,medium,299,4995
146,2023-07-13 16:03:39,147,pepsi,low,1,high,46,5457
147,2023-07-13 16:03:39,148,chicken,high,8,high,150,8533
148,2023-07-13 16:03:39,149,strawberry,medium,9,high,235,3552
149,2023-07-13 16:03:39,150,berry,medium,6,low,138,3601
150,2023-07-13 16:03:39,151,yogurt,low,8,high,171,8416
151,2023-07-13 16:03:39,152,pepsi,high,1,low,186,1922
152,2023-07-13 16:03:39,153,cola,low,3,high,125,3410
153,2023-07-13 16:03:39,154,yogurt,low,7,low,347,6307
154,2023-07-13 16:03:39,155,cola,low,2,medium,45,2949
155,2023-07-13 16:03:39,156,berry,high,7,high,348,5446
156,2023-07-13 16:03:39,157,cheese,low,6,low,320,3628
157,2023-07-13 16:03:39,158,beef,low,7,low,78,5771
158,2023-07-13 16:03:39,159,fish,low,6,high,96,5776
159,2023-07-13 16:03:39,160,cola,low,9,low,308,6418
160,2023-07-13 16:03:39,161,kiwi,high,7,high,189,1404
161,2023-07-13 16:03:39,162,salad,high,0,high,204,2297
162,2023-07-13 16:03:39,163,lamb,high,4,high,214,4077
163,2023-07-13 16:03:39,164,salad,medium,4,medium,5,1774
164,2023-07-13 16:03:39,165,lamb,high,5,low,31,8811
165,2023-07-13 16:03:39,166,salad,high,1,high,169,9673
166,2023-07-13 16:03:39,167,salad,low,3,medium,247,4638
167,2023-07-13 16:03:39,168,fish,medium,9,low,116,1305
168,2023-07-13 16:03:39,169,chicken,low,6,medium,127,7605
169,2023-07-13 16:03:39,170,berry,low,3,medium,233,2859
170,2023-07-13 16:03:39,171,cheese,medium,0,medium,337,9332
171,2023-07-13 16:03:39,172,berry,high,2,low,88,4706
172,2023-07-13 16:03:39,173,chicken,high,4,high,344,6054
173,2023-07-13 16:03:39,174,chicken,medium,5,low,148,4053
174,2023-07-13 16:03:39,175,lamb,low,1,low,42,2725
175,2023-07-13 16:03:39,176,cheese,high,0,low,202,4389
176,2023-07-13 16:03:39,177,fish,low,1,high,41,2026
177,2023-07-13 16:03:39,178,pepsi,medium,0,medium,101,5567
178,2023-07-13 16:03:39,179,kiwi,medium,2,low,242,2003
179,2023-07-13 16:03:39,180,broccoli,medium,1,high,32,5846
180,2023-07-13 16:03:39,181,lamb,high,8,medium,131,9186
181,2023-07-13 16:03:39,182,yogurt,medium,3,low,173,6321
182,2023-07-13 16:03:39,183,cheese,medium,5,high,120,4600
183,2023-07-13 16:03:39,184,cheese,high,1,high,177,3514
184,2023-07-13 16:03:39,185,strawberry,medium,6,high,253,3199
185,2023-07-13 16:03:39,186,broccoli,high,0,medium,317,3505
186,2023-07-13 16:03:39,187,fish,high,5,high,173,5005
187,2023-07-13 16:03:39,188,strawberry,high,2,medium,203,3399
188,2023-07-13 16:03:39,189,apple,low,3,low,171,3887
189,2023-07-13 16:03:39,190,cheese,high,5,medium,249,3288
190,2023-07-13 16:03:39,191,strawberry,low,2,low,137,7613
191,2023-07-13 16:03:39,192,fish,high,8,high,102,5612
192,2023-07-13 16:03:39,193,fish,low,1,low,94,8167
193,2023-07-13 16:03:39,194,chicken,medium,7,low,84,7850
194,2023-07-13 16:03:39,195,beef,high,0,low,167,6960
195,2023-07-13 16:03:39,196,berry,high,5,high,248,5848
196,2023-07-13 16:03:39,197,cola,high,3,medium,19,4553
197,2023-07-13 16:03:39,198,lamb,low,2,medium,337,7241
198,2023-07-13 16:03:39,199,salad,high,8,high,178,7696
199,2023-07-13 16:03:39,200,bananna,medium,9,high,139,5183
200,2023-07-13 16:03:39,201,berry,medium,6,medium,248,6988
201,2023-07-13 16:03:39,202,salad,low,7,high,320,4893
202,2023-07-13 16:03:39,203,beef,low,3,medium,8,5631
203,2023-07-13 16:03:39,204,yogurt,low,7,high,359,3233
204,2023-07-13 16:03:39,205,yogurt,medium,5,low,120,7624
205,2023-07-13 16:03:39,206,bananna,medium,5,low,77,7109
206,2023-07-13 16:03:39,207,beef,low,2,low,312,7962
207,2023-07-13 16:03:39,208,cola,medium,2,high,361,5283
208,2023-07-13 16:03:39,209,kiwi,low,1,high,255,3454
209,2023-07-13 16:03:39,210,yogurt,high,0,low,14,7677
210,2023-07-13 16:03:39,211,yogurt,medium,5,medium,210,3614
211,2023-07-13 16:03:39,212,salad,high,2,high,35,5927
212,2023-07-13 16:03:39,213,yogurt,medium,4,medium,278,9818
213,2023-07-13 16:03:39,214,cheese,high,0,medium,163,8497
214,2023-07-13 16:03:39,215,kiwi,medium,2,medium,88,5869
215,2023-07-13 16:03:39,216,fish,high,9,high,2,4497
216,2023-07-13 16:03:39,217,strawberry,low,9,high,351,5566
217,2023-07-13 16:03:39,218,broccoli,low,3,low,231,1133
218,2023-07-13 16:03:39,219,chicken,medium,7,medium,116,9720
219,2023-07-13 16:03:39,220,bananna,high,5,medium,310,8787
220,2023-07-13 16:03:39,221,lamb,low,4,medium,311,8254
221,2023-07-13 16:03:39,222,lamb,low,8,low,248,2613
222,2023-07-13 16:03:39,223,beef,high,8,medium,297,3968
223,2023-07-13 16:03:39,224,kiwi,medium,6,low,307,3154
224,2023-07-13 16:03:39,225,kiwi,high,9,low,51,4340
225,2023-07-13 16:03:39,226,broccoli,low,2,medium,3,3251
226,2023-07-13 16:03:39,227,chicken,low,6,high,291,5072
227,2023-07-13 16:03:39,228,chicken,low,5,low,353,3582
228,2023-07-13 16:03:39,229,cola,high,3,medium,67,7512
229,2023-07-13 16:03:39,230,chicken,low,7,low,220,7340
230,2023-07-13 16:03:39,231,bananna,high,1,low,309,7004
231,2023-07-13 16:03:39,232,salad,medium,9,medium,56,1157
232,2023-07-13 16:03:39,233,kiwi,low,8,medium,162,5687
233,2023-07-13 16:03:39,234,yogurt,high,6,low,326,4255
234,2023-07-13 16:03:39,235,cheese,high,5,low,32,2744
235,2023-07-13 16:03:39,236,salad,medium,3,low,259,2097
236,2023-07-13 16:03:39,237,berry,high,2,medium,130,7242
237,2023-07-13 16:03:39,238,strawberry,low,8,medium,229,5009
238,2023-07-13 16:03:39,239,broccoli,medium,8,high,360,6527
239,2023-07-13 16:03:39,240,salad,high,9,low,84,1152
240,2023-07-13 16:03:39,241,salad,high,6,medium,124,7066
241,2023-07-13 16:03:39,242,apple,medium,1,low,206,9423
242,2023-07-13 16:03:39,243,berry,high,0,low,113,2618
243,2023-07-13 16:03:39,244,beef,high,0,low,216,2853
244,2023-07-13 16:03:39,245,kiwi,high,6,medium,98,3114
245,2023-07-13 16:03:39,246,beef,low,9,low,192,3156
246,2023-07-13 16:03:39,247,kiwi,medium,5,low,146,2574
247,2023-07-13 16:03:39,248,beef,high,9,high,336,5741
248,2023-07-13 16:03:39,249,fish,medium,9,high,247,8815
249,2023-07-13 16:03:39,250,lamb,low,1,medium,263,6442
250,2023-07-13 16:03:39,251,cheese,low,8,low,337,3362
251,2023-07-13 16:03:39,252,bananna,low,3,medium,350,9231
252,2023-07-13 16:03:39,253,cheese,medium,8,low,4,9195
253,2023-07-13 16:03:39,254,berry,medium,7,low,16,5839
254,2023-07-13 16:03:39,255,berry,medium,6,low,136,7785
255,2023-07-13 16:03:39,256,salad,high,9,medium,349,6482
256,2023-07-13 16:03:39,257,apple,high,7,low,221,8014
257,2023-07-13 16:03:39,258,lamb,high,1,medium,31,1456
258,2023-07-13 16:03:39,259,bananna,high,0,medium,280,5691
259,2023-07-13 16:03:39,260,kiwi,high,4,high,88,9140
260,2023-07-13 16:03:39,261,bananna,medium,0,low,65,7452
261,2023-07-13 16:03:39,262,pepsi,medium,4,high,31,4231
262,2023-07-13 16:03:39,263,bananna,medium,7,high,343,6075
263,2023-07-13 16:03:39,264,yogurt,medium,5,low,148,6855
264,2023-07-13 16:03:39,265,fish,high,5,high,117,4891
265,2023-07-13 16:03:39,266,apple,low,2,high,253,8835
266,2023-07-13 16:03:39,267,lamb,medium,7,medium,259,3589
267,2023-07-13 16:03:39,268,cola,medium,3,high,361,5235
268,2023-07-13 16:03:39,269,cola,low,1,medium,101,2560
269,2023-07-13 16:03:39,270,salad,low,8,high,329,6442
270,2023-07-13 16:03:39,271,cheese,medium,9,low,140,6645
271,2023-07-13 16:03:39,272,salad,high,7,medium,291,9794
272,2023-07-13 16:03:39,273,lamb,high,7,high,166,1713
273,2023-07-13 16:03:39,274,berry,medium,9,high,67,7720
274,2023-07-13 16:03:39,275,berry,medium,0,high,67,8044
275,2023-07-13 16:03:39,276,lamb,medium,4,medium,156,2357
276,2023-07-13 16:03:39,277,yogurt,medium,2,medium,91,2776
277,2023-07-13 16:03:39,278,chicken,high,3,medium,348,5278
278,2023-07-13 16:03:39,279,pepsi,medium,4,low,28,9227
279,2023-07-13 16:03:39,280,lamb,low,8,high,251,2002
280,2023-07-13 16:03:39,281,broccoli,high,9,low,192,3229
281,2023-07-13 16:03:39,282,fish,high,2,low,330,8939
282,2023-07-13 16:03:39,283,chicken,high,3,low,92,7812
283,2023-07-13 16:03:39,284,lamb,medium,1,high,90,5507
284,2023-07-13 16:03:39,285,apple,low,4,low,31,5473
285,2023-07-13 16:03:39,286,beef,low,0,medium,288,6572
286,2023-07-13 16:03:39,287,chicken,low,3,high,145,6241
287,2023-07-13 16:03:39,288,broccoli,low,1,high,246,1642
288,2023-07-13 16:03:39,289,chicken,high,3,low,190,9137
289,2023-07-13 16:03:39,290,cola,low,5,low,302,3910
290,2023-07-13 16:03:39,291,lamb,low,8,medium,319,6836
291,2023-07-13 16:03:39,292,yogurt,high,9,low,67,4806
292,2023-07-13 16:03:39,293,beef,high,6,high,344,3502
293,2023-07-13 16:03:39,294,salad,low,0,low,293,1295
294,2023-07-13 16:03:39,295,pepsi,medium,7,high,350,3944
295,2023-07-13 16:03:39,296,chicken,medium,0,low,253,3682
296,2023-07-13 16:03:39,297,pepsi,medium,2,low,285,7732
297,2023-07-13 16:03:39,298,cola,high,7,high,274,8515
298,2023-07-13 16:03:39,299,salad,low,0,medium,78,5413
299,2023-07-13 16:03:39,300,bananna,medium,7,high,329,3429
300,2023-07-13 16:03:39,301,pepsi,low,4,low,123,1813
301,2023-07-13 16:03:39,302,pepsi,high,0,low,291,7485
302,2023-07-13 16:03:39,303,cheese,low,5,medium,52,6863
303,2023-07-13 16:03:39,304,apple,low,7,low,302,3603
304,2023-07-13 16:03:39,305,lamb,medium,1,low,39,8675
305,2023-07-13 16:03:39,306,fish,medium,5,low,4,3177
306,2023-07-13 16:03:39,307,apple,medium,7,low,246,6451
307,2023-07-13 16:03:39,308,broccoli,high,5,low,204,6484
308,2023-07-13 16:03:39,309,pepsi,low,7,medium,170,5388
309,2023-07-13 16:03:39,310,broccoli,low,4,high,245,8541
310,2023-07-13 16:03:39,311,cola,low,8,medium,116,2045
311,2023-07-13 16:03:39,312,salad,medium,4,low,49,4202
312,2023-07-13 16:03:39,313,bananna,medium,7,medium,296,7481
313,2023-07-13 16:03:39,314,salad,medium,7,medium,181,1765
314,2023-07-13 16:03:39,315,berry,low,8,low,52,1198
315,2023-07-13 16:03:39,316,cheese,medium,9,low,165,4126
316,2023-07-13 16:03:39,317,salad,low,4,high,66,6185
317,2023-07-13 16:03:39,318,salad,high,9,high,295,5428
318,2023-07-13 16:03:39,319,apple,medium,1,medium,8,6342
319,2023-07-13 16:03:39,320,cola,low,0,high,154,6547
320,2023-07-13 16:03:39,321,yogurt,medium,8,high,26,6658
321,2023-07-13 16:03:39,322,chicken,low,0,high,101,3699
322,2023-07-13 16:03:39,323,kiwi,low,2,high,165,2678
323,2023-07-13 16:03:39,324,chicken,low,1,medium,199,2212
324,2023-07-13 16:03:39,325,broccoli,low,2,high,169,4876
325,2023-07-13 16:03:39,326,cheese,low,2,high,276,9936
326,2023-07-13 16:03:39,327,beef,medium,9,medium,234,5116
327,2023-07-13 16:03:39,328,berry,high,1,high,200,7202
328,2023-07-13 16:03:39,329,apple,low,6,medium,275,1366
329,2023-07-13 16:03:39,330,lamb,high,8,low,44,5387
330,2023-07-13 16:03:39,331,cola,medium,0,low,216,2453
331,2023-07-13 16:03:39,332,lamb,medium,4,medium,231,9354
332,2023-07-13 16:03:39,333,berry,medium,4,medium,30,1554
333,2023-07-13 16:03:39,334,cola,high,2,low,214,6102
334,2023-07-13 16:03:39,335,pepsi,medium,5,high,294,7676
335,2023-07-13 16:03:39,336,kiwi,medium,8,high,141,3658
336,2023-07-13 16:03:39,337,berry,high,8,high,225,2392
337,2023-07-13 16:03:39,338,beef,medium,2,low,86,8172
338,2023-07-13 16:03:39,339,cola,low,0,high,43,7774
339,2023-07-13 16:03:39,340,fish,high,8,high,130,4224
340,2023-07-13 16:03:39,341,strawberry,low,0,low,122,6597
341,2023-07-13 16:03:39,342,cheese,medium,8,high,262,1994
342,2023-07-13 16:03:39,343,cheese,low,6,low,238,7538
343,2023-07-13 16:03:39,344,strawberry,low,4,low,71,5883
344,2023-07-13 16:03:39,345,bananna,low,0,medium,173,7965
345,2023-07-13 16:03:39,346,lamb,medium,5,low,341,9607
346,2023-07-13 16:03:39,347,salad,low,9,low,115,8300
347,2023-07-13 16:03:39,348,kiwi,high,2,low,361,6318
348,2023-07-13 16:03:39,349,chicken,high,0,low,90,2401
349,2023-07-13 16:03:39,350,bananna,low,0,low,226,6758
350,2023-07-13 16:03:39,351,kiwi,medium,0,medium,278,9339
351,2023-07-13 16:03:39,352,yogurt,medium,1,high,350,8881
352,2023-07-13 16:03:39,353,lamb,medium,1,high,316,9547
353,2023-07-13 16:03:39,354,kiwi,high,0,medium,156,9927
354,2023-07-13 16:03:39,355,broccoli,high,6,high,92,8182
355,2023-07-13 16:03:39,356,lamb,medium,6,high,113,9309
356,2023-07-13 16:03:39,357,bananna,medium,1,high,230,6516
357,2023-07-13 16:03:39,358,yogurt,high,5,low,287,7210
358,2023-07-13 16:03:39,359,yogurt,low,1,low,193,6775
359,2023-07-13 16:03:39,360,beef,low,7,low,212,7770
360,2023-07-13 16:03:39,361,berry,low,3,medium,313,2148
361,2023-07-13 16:03:39,362,strawberry,medium,7,low,294,3774
362,2023-07-13 16:03:39,363,cheese,low,8,medium,150,7545
363,2023-07-13 16:03:39,364,cheese,high,5,low,351,7621
364,2023-07-13 16:03:39,365,beef,high,6,medium,207,2544
365,2023-07-13 16:03:39,366,apple,low,6,low,336,9143
366,2023-07-13 16:03:39,367,apple,low,8,high,339,8741
367,2023-07-13 16:03:39,368,berry,high,6,medium,90,1050
368,2023-07-13 16:03:39,369,strawberry,low,1,medium,126,1475
369,2023-07-13 16:03:39,370,berry,high,4,low,153,2166
370,2023-07-13 16:03:39,371,pepsi,medium,3,low,154,9658
371,2023-07-13 16:03:39,372,fish,medium,2,medium,198,6266
372,2023-07-13 16:03:39,373,broccoli,medium,6,medium,56,6583
373,2023-07-13 16:03:39,374,cheese,medium,7,medium,62,3768
374,2023-07-13 16:03:39,375,fish,high,5,high,207,9163
375,2023-07-13 16:03:39,376,broccoli,high,6,low,93,1503
376,2023-07-13 16:03:39,377,pepsi,high,4,low,204,3827
377,2023-07-13 16:03:39,378,apple,medium,6,low,359,5268
378,2023-07-13 16:03:39,379,broccoli,medium,1,low,362,3455
379,2023-07-13 16:03:39,380,cola,medium,8,medium,129,6556
380,2023-07-13 16:03:39,381,strawberry,medium,3,high,123,5440
381,2023-07-13 16:03:39,382,broccoli,low,6,low,151,5457
382,2023-07-13 16:03:39,383,chicken,high,9,low,1,7253
383,2023-07-13 16:03:39,384,kiwi,high,2,high,278,7606
384,2023-07-13 16:03:39,385,fish,low,4,low,13,6854
385,2023-07-13 16:03:39,386,salad,low,5,high,180,7470
386,2023-07-13 16:03:39,387,pepsi,low,5,high,297,5587
387,2023-07-13 16:03:39,388,pepsi,low,9,low,357,7679
388,2023-07-13 16:03:39,389,cheese,medium,0,medium,88,2162
389,2023-07-13 16:03:39,390,fish,medium,2,low,56,9824
390,2023-07-13 16:03:39,391,pepsi,high,5,medium,105,4108
391,2023-07-13 16:03:39,392,broccoli,low,5,medium,281,4216
392,2023-07-13 16:03:39,393,berry,low,6,high,277,2159
393,2023-07-13 16:03:39,394,strawberry,high,2,medium,120,3143
394,2023-07-13 16:03:39,395,cheese,medium,3,high,211,8931
395,2023-07-13 16:03:39,396,fish,low,0,high,178,5225
396,2023-07-13 16:03:39,397,cheese,low,1,low,115,1318
397,2023-07-13 16:03:39,398,fish,low,2,high,150,4710
398,2023-07-13 16:03:39,399,broccoli,high,0,low,257,3260
399,2023-07-13 16:03:39,400,beef,high,0,low,18,5794
400,2023-07-13 16:03:39,401,chicken,medium,4,low,109,4832
401,2023-07-13 16:03:39,402,cheese,low,3,medium,259,7617
402,2023-07-13 16:03:39,403,apple,high,0,high,188,8733
403,2023-07-13 16:03:39,404,berry,low,0,low,339,6836
404,2023-07-13 16:03:39,405,salad,high,1,medium,207,8794
405,2023-07-13 16:03:39,406,broccoli,low,6,low,162,9119
406,2023-07-13 16:03:39,407,beef,low,2,high,229,5101
407,2023-07-13 16:03:39,408,salad,low,5,medium,331,6300
408,2023-07-13 16:03:39,409,lamb,high,8,low,193,6358
409,2023-07-13 16:03:39,410,salad,medium,3,high,286,9680
410,2023-07-13 16:03:39,411,lamb,medium,1,low,265,9436
411,2023-07-13 16:03:39,412,chicken,low,3,low,140,2054
412,2023-07-13 16:03:39,413,pepsi,medium,7,high,149,1578
413,2023-07-13 16:03:39,414,berry,low,0,high,315,1591
414,2023-07-13 16:03:39,415,berry,high,7,medium,328,7438
415,2023-07-13 16:03:39,416,kiwi,medium,1,medium,359,4696
416,2023-07-13 16:03:39,417,beef,high,0,low,157,6856
417,2023-07-13 16:03:39,418,apple,medium,3,low,233,7848
418,2023-07-13 16:03:39,419,strawberry,high,6,low,198,1074
419,2023-07-13 16:03:39,420,pepsi,high,1,low,345,4930
420,2023-07-13 16:03:39,421,kiwi,medium,6,medium,34,2079
421,2023-07-13 16:03:39,422,lamb,medium,7,low,52,9555
422,2023-07-13 16:03:39,423,fish,high,3,medium,172,5327
423,2023-07-13 16:03:39,424,pepsi,low,1,medium,302,6981
424,2023-07-13 16:03:39,425,cheese,medium,9,low,163,7774
425,2023-07-13 16:03:39,426,lamb,low,8,medium,229,5179
426,2023-07-13 16:03:39,427,lamb,high,3,low,153,6034
427,2023-07-13 16:03:39,428,salad,high,6,high,154,4379
428,2023-07-13 16:03:39,429,kiwi,high,7,low,326,6335
429,2023-07-13 16:03:39,430,yogurt,medium,1,high,193,4343
430,2023-07-13 16:03:39,431,strawberry,medium,8,low,183,6351
431,2023-07-13 16:03:39,432,kiwi,medium,5,medium,187,8352
432,2023-07-13 16:03:39,433,broccoli,medium,9,low,113,2895
433,2023-07-13 16:03:39,434,apple,high,6,low,275,9606
434,2023-07-13 16:03:39,435,salad,high,2,medium,96,8735
435,2023-07-13 16:03:39,436,berry,medium,7,high,151,6390
436,2023-07-13 16:03:39,437,cheese,high,6,low,299,3538
437,2023-07-13 16:03:39,438,cola,high,0,medium,43,9718
438,2023-07-13 16:03:39,439,fish,medium,8,low,268,6394
439,2023-07-13 16:03:39,440,chicken,medium,6,medium,356,1508
440,2023-07-13 16:03:39,441,berry,high,2,medium,111,2679
441,2023-07-13 16:03:39,442,strawberry,low,2,high,326,1987
442,2023-07-13 16:03:39,443,apple,low,1,low,134,9772
443,2023-07-13 16:03:39,444,salad,medium,4,medium,336,5717
444,2023-07-13 16:03:39,445,apple,low,1,low,332,8783
445,2023-07-13 16:03:39,446,salad,medium,9,medium,178,2362
446,2023-07-13 16:03:39,447,pepsi,high,2,medium,359,1340
447,2023-07-13 16:03:39,448,strawberry,low,0,low,79,7028
448,2023-07-13 16:03:39,449,cheese,low,5,low,282,9408
449,2023-07-13 16:03:39,450,chicken,medium,7,low,293,2489
450,2023-07-13 16:03:39,451,bananna,medium,3,medium,141,3161
451,2023-07-13 16:03:39,452,salad,medium,6,low,279,2571
452,2023-07-13 16:03:39,453,strawberry,high,9,low,235,8368
453,2023-07-13 16:03:39,454,salad,medium,7,high,35,7825
454,2023-07-13 16:03:39,455,bananna,low,3,low,235,4567
455,2023-07-13 16:03:39,456,cheese,medium,8,low,40,4733
456,2023-07-13 16:03:39,457,chicken,high,4,medium,117,5556
457,2023-07-13 16:03:39,458,lamb,medium,1,low,239,9191
458,2023-07-13 16:03:39,459,strawberry,medium,9,medium,78,7593
459,2023-07-13 16:03:39,460,broccoli,low,5,medium,166,2143
460,2023-07-13 16:03:39,461,strawberry,low,0,high,136,7751
461,2023-07-13 16:03:39,462,apple,high,2,low,334,5607
462,2023-07-13 16:03:39,463,lamb,low,0,medium,72,9447
463,2023-07-13 16:03:39,464,cola,low,7,medium,44,4432
464,2023-07-13 16:03:39,465,berry,medium,5,low,219,2766
465,2023-07-13 16:03:39,466,bananna,medium,6,medium,308,1424
466,2023-07-13 16:03:39,467,kiwi,low,5,high,52,6903
467,2023-07-13 16:03:39,468,beef,low,6,medium,159,2139
468,2023-07-13 16:03:39,469,fish,high,7,high,75,2087
469,2023-07-13 16:03:39,470,berry,high,8,medium,198,7505
470,2023-07-13 16:03:39,471,fish,medium,9,medium,103,2987
471,2023-07-13 16:03:39,472,pepsi,medium,4,high,200,5413
472,2023-07-13 16:03:39,473,strawberry,medium,4,low,8,8580
473,2023-07-13 16:03:39,474,cola,medium,0,medium,95,5450
474,2023-07-13 16:03:39,475,beef,low,7,low,313,3552
475,2023-07-13 16:03:39,476,berry,high,1,low,56,5583
476,2023-07-13 16:03:39,477,kiwi,medium,7,high,71,5134
477,2023-07-13 16:03:39,478,broccoli,low,1,medium,302,5979
478,2023-07-13 16:03:39,479,yogurt,low,1,high,223,8131
479,2023-07-13 16:03:39,480,cheese,high,7,medium,108,4958
480,2023-07-13 16:03:39,481,salad,low,8,medium,27,6432
481,2023-07-13 16:03:39,482,fish,medium,5,low,118,3429
482,2023-07-13 16:03:39,483,fish,medium,0,medium,253,3771
483,2023-07-13 16:03:39,484,broccoli,low,4,high,272,1159
484,2023-07-13 16:03:39,485,broccoli,low,4,high,7,1093
485,2023-07-13 16:03:39,486,broccoli,high,2,medium,19,5627
486,2023-07-13 16:03:39,487,yogurt,low,5,high,238,2429
487,2023-07-13 16:03:39,488,fish,medium,9,high,56,6699
488,2023-07-13 16:03:39,489,pepsi,medium,2,medium,285,9042
489,2023-07-13 16:03:39,490,broccoli,low,4,low,199,3921
490,2023-07-13 16:03:39,491,salad,medium,0,high,56,8216
491,2023-07-13 16:03:39,492,broccoli,medium,1,low,192,6629
492,2023-07-13 16:03:39,493,chicken,medium,9,low,95,7782
493,2023-07-13 16:03:39,494,strawberry,low,9,medium,361,8194
494,2023-07-13 16:03:39,495,lamb,high,1,medium,150,9678
495,2023-07-13 16:03:39,496,pepsi,medium,4,low,358,9540
496,2023-07-13 16:03:39,497,broccoli,medium,6,high,181,2230
497,2023-07-13 16:03:39,498,beef,high,2,high,311,1018
498,2023-07-13 16:03:39,499,chicken,medium,0,high,64,4924
499,2023-07-13 16:03:39,500,broccoli,medium,1,medium,305,2986
500,2023-07-13 16:03:39,501,strawberry,low,7,medium,188,2566
501,2023-07-13 16:03:39,502,salad,low,6,medium,343,6730
502,2023-07-13 16:03:39,503,chicken,low,6,low,52,1385
503,2023-07-13 16:03:39,504,cheese,medium,6,low,169,1054
504,2023-07-13 16:03:39,505,cheese,low,0,medium,15,1342
505,2023-07-13 16:03:39,506,cola,low,1,medium,68,4473
506,2023-07-13 16:03:39,507,yogurt,low,3,low,133,8546
507,2023-07-13 16:03:39,508,berry,medium,8,low,94,9893
508,2023-07-13 16:03:39,509,kiwi,medium,8,low,242,1921
509,2023-07-13 16:03:39,510,strawberry,high,0,high,160,8040
510,2023-07-13 16:03:39,511,bananna,medium,4,medium,94,8064
511,2023-07-13 16:03:39,512,beef,high,4,high,143,4238
512,2023-07-13 16:03:39,513,yogurt,high,4,medium,325,9845
513,2023-07-13 16:03:39,514,chicken,medium,4,low,261,9924
514,2023-07-13 16:03:39,515,salad,medium,0,low,261,6752
515,2023-07-13 16:03:39,516,yogurt,low,6,medium,16,2177
516,2023-07-13 16:03:39,517,berry,low,7,low,259,5531
517,2023-07-13 16:03:39,518,salad,medium,3,low,38,5115
518,2023-07-13 16:03:39,519,kiwi,high,3,medium,275,6512
519,2023-07-13 16:03:39,520,fish,high,3,low,149,6184
520,2023-07-13 16:03:39,521,apple,high,2,medium,136,7407
521,2023-07-13 16:03:39,522,fish,low,0,low,167,5563
522,2023-07-13 16:03:39,523,broccoli,medium,9,high,148,9170
523,2023-07-13 16:03:39,524,kiwi,low,2,low,221,3107
524,2023-07-13 16:03:39,525,salad,medium,4,high,98,9672
525,2023-07-13 16:03:39,526,yogurt,high,7,low,68,4702
526,2023-07-13 16:03:39,527,kiwi,medium,5,medium,37,2880
527,2023-07-13 16:03:39,528,apple,high,2,high,164,1339
528,2023-07-13 16:03:39,529,broccoli,medium,3,high,27,4526
529,2023-07-13 16:03:39,530,broccoli,low,4,medium,236,9919
530,2023-07-13 16:03:39,531,broccoli,medium,9,medium,84,3865
531,2023-07-13 16:03:39,532,lamb,low,3,low,178,4288
532,2023-07-13 16:03:39,533,fish,high,2,medium,149,6407
533,2023-07-13 16:03:39,534,kiwi,low,7,medium,106,2207
534,2023-07-13 16:03:39,535,pepsi,medium,9,high,81,7073
535,2023-07-13 16:03:39,536,cheese,low,4,high,227,3539
536,2023-07-13 16:03:39,537,salad,high,9,medium,77,9465
537,2023-07-13 16:03:39,538,broccoli,high,1,medium,58,5396
538,2023-07-13 16:03:39,539,chicken,high,6,high,353,6628
539,2023-07-13 16:03:39,540,yogurt,medium,7,low,332,2141
540,2023-07-13 16:03:39,541,salad,medium,4,high,155,5877
541,2023-07-13 16:03:39,542,strawberry,medium,6,low,82,2182
542,2023-07-13 16:03:39,543,cheese,high,5,low,40,2372
543,2023-07-13 16:03:39,544,fish,low,9,high,284,5227
544,2023-07-13 16:03:39,545,pepsi,medium,4,high,176,6778
545,2023-07-13 16:03:39,546,bananna,low,5,medium,54,5064
546,2023-07-13 16:03:39,547,bananna,medium,8,high,143,4434
547,2023-07-13 16:03:39,548,apple,high,9,medium,41,2729
548,2023-07-13 16:03:39,549,pepsi,high,4,low,74,2289
549,2023-07-13 16:03:39,550,strawberry,high,9,high,83,8650
550,2023-07-13 16:03:39,551,beef,high,5,high,9,2605
551,2023-07-13 16:03:39,552,fish,high,4,medium,87,8836
552,2023-07-13 16:03:39,553,bananna,low,7,high,169,4122
553,2023-07-13 16:03:39,554,salad,low,6,high,335,7762
554,2023-07-13 16:03:39,555,apple,low,8,high,60,1173
555,2023-07-13 16:03:39,556,bananna,medium,2,low,256,6129
556,2023-07-13 16:03:39,557,chicken,low,0,medium,46,5754
557,2023-07-13 16:03:39,558,apple,high,6,low,192,9129
558,2023-07-13 16:03:39,559,berry,medium,6,medium,47,7423
559,2023-07-13 16:03:39,560,salad,high,7,high,310,6122
560,2023-07-13 16:03:39,561,apple,low,1,low,306,6010
561,2023-07-13 16:03:39,562,bananna,low,8,medium,71,6056
562,2023-07-13 16:03:39,563,salad,high,8,medium,329,8407
563,2023-07-13 16:03:39,564,kiwi,high,3,high,152,3515
564,2023-07-13 16:03:39,565,pepsi,medium,0,low,289,4795
565,2023-07-13 16:03:39,566,chicken,medium,1,low,339,7505
566,2023-07-13 16:03:39,567,fish,high,6,high,17,2975
567,2023-07-13 16:03:39,568,cheese,medium,2,low,300,2465
568,2023-07-13 16:03:39,569,salad,low,3,low,170,2286
569,2023-07-13 16:03:39,570,apple,high,9,high,59,9034
570,2023-07-13 16:03:39,571,strawberry,medium,9,medium,32,6544
571,2023-07-13 16:03:39,572,beef,low,8,low,126,3209
572,2023-07-13 16:03:39,573,yogurt,low,0,low,357,2208
573,2023-07-13 16:03:39,574,beef,medium,4,medium,4,2036
574,2023-07-13 16:03:39,575,kiwi,low,2,high,246,8458
575,2023-07-13 16:03:39,576,berry,high,4,low,65,9524
576,2023-07-13 16:03:39,577,cola,low,0,medium,33,8863
577,2023-07-13 16:03:39,578,kiwi,low,1,low,215,2096
578,2023-07-13 16:03:39,579,berry,low,4,high,172,6966
579,2023-07-13 16:03:39,580,salad,medium,0,low,302,9660
580,2023-07-13 16:03:39,581,yogurt,medium,5,medium,226,1586
581,2023-07-13 16:03:39,582,lamb,low,4,low,345,4866
582,2023-07-13 16:03:39,583,strawberry,high,2,medium,59,7196
583,2023-07-13 16:03:39,584,bananna,low,4,medium,60,5844
584,2023-07-13 16:03:39,585,pepsi,high,9,medium,300,9051
585,2023-07-13 16:03:39,586,apple,medium,6,low,15,3697
586,2023-07-13 16:03:39,587,yogurt,medium,7,high,85,8046
587,2023-07-13 16:03:39,588,berry,high,8,medium,230,5129
588,2023-07-13 16:03:39,589,pepsi,medium,2,low,364,5545
589,2023-07-13 16:03:39,590,cheese,medium,7,low,196,6641
590,2023-07-13 16:03:39,591,chicken,high,9,high,25,8119
591,2023-07-13 16:03:39,592,pepsi,low,6,low,219,7597
592,2023-07-13 16:03:39,593,apple,high,3,medium,155,1326
593,2023-07-13 16:03:39,594,strawberry,medium,7,medium,34,1089
594,2023-07-13 16:03:39,595,bananna,medium,4,high,7,9248
595,2023-07-13 16:03:39,596,cheese,high,7,medium,67,4062
596,2023-07-13 16:03:39,597,strawberry,low,0,high,274,2815
597,2023-07-13 16:03:39,598,kiwi,medium,2,medium,259,9504
598,2023-07-13 16:03:39,599,cola,medium,7,medium,262,7482
599,2023-07-13 16:03:39,600,broccoli,high,4,low,100,5255
600,2023-07-13 16:03:39,601,berry,low,9,medium,316,5067
601,2023-07-13 16:03:39,602,chicken,low,2,medium,243,4897
602,2023-07-13 16:03:39,603,apple,low,0,medium,53,9152
603,2023-07-13 16:03:39,604,cola,high,5,low,101,8613
604,2023-07-13 16:03:39,605,kiwi,high,4,high,107,7016
605,2023-07-13 16:03:39,606,cheese,high,5,high,204,4264
606,2023-07-13 16:03:39,607,cheese,low,6,high,277,6574
607,2023-07-13 16:03:39,608,apple,medium,1,high,254,1292
608,2023-07-13 16:03:39,609,cheese,high,7,medium,66,6242
609,2023-07-13 16:03:39,610,apple,medium,0,medium,119,8343
610,2023-07-13 16:03:39,611,yogurt,medium,8,high,305,1185
611,2023-07-13 16:03:39,612,strawberry,medium,9,high,167,5876
612,2023-07-13 16:03:39,613,broccoli,medium,8,high,260,4637
613,2023-07-13 16:03:39,614,beef,low,4,low,158,5571
614,2023-07-13 16:03:39,615,bananna,high,6,low,117,2441
615,2023-07-13 16:03:39,616,cola,high,4,high,144,3896
616,2023-07-13 16:03:39,617,kiwi,medium,5,high,99,6766
617,2023-07-13 16:03:39,618,strawberry,medium,9,high,27,1857
618,2023-07-13 16:03:39,619,apple,low,2,medium,353,6743
619,2023-07-13 16:03:39,620,broccoli,low,3,low,234,8559
620,2023-07-13 16:03:39,621,chicken,medium,1,medium,24,8403
621,2023-07-13 16:03:39,622,kiwi,low,0,high,352,9516
622,2023-07-13 16:03:39,623,chicken,medium,5,low,256,1826
623,2023-07-13 16:03:39,624,kiwi,high,8,high,19,5425
624,2023-07-13 16:03:39,625,berry,low,6,high,40,5783
625,2023-07-13 16:03:39,626,beef,medium,1,high,100,1871
626,2023-07-13 16:03:39,627,cheese,high,7,low,5,5666
627,2023-07-13 16:03:39,628,lamb,high,9,medium,314,3389
628,2023-07-13 16:03:39,629,salad,low,3,high,241,3825
629,2023-07-13 16:03:39,630,bananna,medium,1,low,16,1283
630,2023-07-13 16:03:39,631,beef,high,7,low,102,6895
631,2023-07-13 16:03:39,632,lamb,low,9,high,71,7180
632,2023-07-13 16:03:39,633,yogurt,medium,1,low,357,8419
633,2023-07-13 16:03:39,634,cola,high,0,high,218,9401
634,2023-07-13 16:03:39,635,salad,high,9,medium,11,5075
635,2023-07-13 16:03:39,636,fish,medium,5,medium,60,5131
636,2023-07-13 16:03:39,637,broccoli,low,5,medium,339,4103
637,2023-07-13 16:03:39,638,strawberry,low,9,high,108,6795
638,2023-07-13 16:03:39,639,bananna,low,5,medium,253,7518
639,2023-07-13 16:03:39,640,berry,medium,9,medium,1,7642
640,2023-07-13 16:03:39,641,yogurt,high,4,low,287,2116
641,2023-07-13 16:03:39,642,broccoli,high,8,high,240,7466
642,2023-07-13 16:03:39,643,apple,high,4,medium,293,2092
643,2023-07-13 16:03:39,644,beef,medium,7,high,21,1446
644,2023-07-13 16:03:39,645,strawberry,medium,0,low,163,3209
645,2023-07-13 16:03:39,646,yogurt,medium,8,low,342,1413
646,2023-07-13 16:03:39,647,chicken,medium,3,low,192,9694
647,2023-07-13 16:03:39,648,chicken,low,3,high,332,9873
648,2023-07-13 16:03:39,649,cheese,high,4,medium,140,7931
649,2023-07-13 16:03:39,650,beef,medium,3,medium,116,3380
650,2023-07-13 16:03:39,651,strawberry,high,8,high,309,6425
651,2023-07-13 16:03:39,652,berry,low,4,high,203,8422
652,2023-07-13 16:03:39,653,lamb,high,6,low,32,9432
653,2023-07-13 16:03:39,654,lamb,low,5,medium,140,6968
654,2023-07-13 16:03:39,655,apple,medium,5,medium,7,7705
655,2023-07-13 16:03:39,656,yogurt,low,6,low,51,7708
656,2023-07-13 16:03:39,657,broccoli,high,3,medium,262,1341
657,2023-07-13 16:03:39,658,strawberry,medium,2,high,338,3554
658,2023-07-13 16:03:39,659,salad,high,8,low,359,3213
659,2023-07-13 16:03:39,660,lamb,high,0,high,220,9366
660,2023-07-13 16:03:39,661,cheese,low,8,high,174,5408
661,2023-07-13 16:03:39,662,strawberry,low,5,low,93,6206
662,2023-07-13 16:03:39,663,cola,medium,7,low,239,4905
663,2023-07-13 16:03:39,664,pepsi,low,0,medium,182,5733
664,2023-07-13 16:03:39,665,chicken,high,1,low,25,9717
665,2023-07-13 16:03:39,666,strawberry,medium,8,medium,240,3355
666,2023-07-13 16:03:39,667,salad,high,2,medium,141,4828
667,2023-07-13 16:03:39,668,strawberry,high,2,high,238,4438
668,2023-07-13 16:03:39,669,fish,high,9,medium,301,2676
669,2023-07-13 16:03:39,670,berry,medium,0,high,292,1658
670,2023-07-13 16:03:39,671,lamb,low,0,medium,311,7598
671,2023-07-13 16:03:39,672,strawberry,low,3,low,238,1000
672,2023-07-13 16:03:39,673,cheese,high,7,high,134,7309
673,2023-07-13 16:03:39,674,lamb,low,3,medium,185,4400
674,2023-07-13 16:03:39,675,kiwi,high,1,medium,202,9753
675,2023-07-13 16:03:39,676,bananna,low,4,medium,250,5561
676,2023-07-13 16:03:39,677,strawberry,high,2,low,260,6403
677,2023-07-13 16:03:39,678,lamb,high,9,high,74,1275
678,2023-07-13 16:03:39,679,bananna,low,5,low,14,7106
679,2023-07-13 16:03:39,680,kiwi,high,5,medium,357,1568
680,2023-07-13 16:03:39,681,fish,high,8,medium,330,5175
681,2023-07-13 16:03:39,682,cheese,high,8,high,69,6032
682,2023-07-13 16:03:39,683,fish,medium,1,low,30,2499
683,2023-07-13 16:03:39,684,pepsi,medium,8,low,126,6207
684,2023-07-13 16:03:39,685,chicken,low,3,high,326,4196
685,2023-07-13 16:03:39,686,apple,high,8,low,247,9533
686,2023-07-13 16:03:39,687,cheese,medium,6,medium,265,7617
687,2023-07-13 16:03:39,688,fish,high,0,medium,299,2403
688,2023-07-13 16:03:39,689,strawberry,high,1,medium,194,9310
689,2023-07-13 16:03:39,690,fish,medium,6,low,266,8910
690,2023-07-13 16:03:39,691,pepsi,high,6,low,70,7386
691,2023-07-13 16:03:39,692,apple,low,2,medium,37,4183
692,2023-07-13 16:03:39,693,apple,medium,0,low,163,1599
693,2023-07-13 16:03:39,694,strawberry,high,6,high,6,7942
694,2023-07-13 16:03:39,695,apple,low,9,low,120,9162
695,2023-07-13 16:03:39,696,fish,low,5,medium,191,8282
696,2023-07-13 16:03:39,697,kiwi,low,2,low,222,6900
697,2023-07-13 16:03:39,698,pepsi,high,9,low,231,8221
698,2023-07-13 16:03:39,699,cola,low,4,low,246,3402
699,2023-07-13 16:03:39,700,cheese,high,0,low,225,7481
700,2023-07-13 16:03:39,701,apple,high,3,low,204,9956
701,2023-07-13 16:03:39,702,strawberry,low,9,low,148,8518
702,2023-07-13 16:03:39,703,salad,high,2,medium,349,6050
703,2023-07-13 16:03:39,704,cheese,low,9,medium,253,8522
704,2023-07-13 16:03:39,705,cola,medium,9,low,45,4149
705,2023-07-13 16:03:39,706,kiwi,high,8,medium,13,2085
706,2023-07-13 16:03:39,707,salad,medium,7,low,333,8465
707,2023-07-13 16:03:39,708,salad,medium,6,high,126,8129
708,2023-07-13 16:03:39,709,cheese,medium,0,medium,266,9581
709,2023-07-13 16:03:39,710,strawberry,high,0,low,300,7862
710,2023-07-13 16:03:39,711,yogurt,low,5,medium,232,5794
711,2023-07-13 16:03:39,712,strawberry,high,5,high,106,6267
712,2023-07-13 16:03:39,713,fish,low,7,low,55,5419
713,2023-07-13 16:03:39,714,fish,high,4,low,129,7759
714,2023-07-13 16:03:39,715,berry,high,3,high,204,4351
715,2023-07-13 16:03:39,716,pepsi,medium,4,high,352,7273
716,2023-07-13 16:03:39,717,apple,low,8,low,195,2628
717,2023-07-13 16:03:39,718,salad,high,5,medium,60,6244
718,2023-07-13 16:03:39,719,fish,high,6,medium,182,3743
719,2023-07-13 16:03:39,720,bananna,high,0,medium,133,5918
720,2023-07-13 16:03:39,721,berry,medium,1,medium,35,6471
721,2023-07-13 16:03:39,722,salad,high,7,low,41,4991
722,2023-07-13 16:03:39,723,cola,low,8,high,138,5700
723,2023-07-13 16:03:39,724,pepsi,high,1,medium,184,5043
724,2023-07-13 16:03:39,725,salad,medium,2,low,201,6518
725,2023-07-13 16:03:39,726,broccoli,medium,4,low,168,3385
726,2023-07-13 16:03:39,727,broccoli,high,2,high,291,5702
727,2023-07-13 16:03:39,728,chicken,low,9,low,258,1818
728,2023-07-13 16:03:39,729,yogurt,low,2,medium,328,2820
729,2023-07-13 16:03:39,730,bananna,medium,4,low,79,8758
730,2023-07-13 16:03:39,731,pepsi,medium,6,high,204,6909
731,2023-07-13 16:03:39,732,cola,medium,0,high,197,8077
732,2023-07-13 16:03:39,733,yogurt,high,9,high,310,5420
733,2023-07-13 16:03:39,734,yogurt,high,1,medium,354,1970
734,2023-07-13 16:03:39,735,kiwi,low,9,low,237,2367
735,2023-07-13 16:03:39,736,beef,low,6,medium,90,2235
736,2023-07-13 16:03:39,737,fish,low,8,medium,11,2854
737,2023-07-13 16:03:39,738,chicken,medium,9,medium,207,9983
738,2023-07-13 16:03:39,739,cola,high,4,medium,32,1527
739,2023-07-13 16:03:39,740,fish,low,9,medium,38,6849
740,2023-07-13 16:03:39,741,salad,low,5,high,212,9733
741,2023-07-13 16:03:39,742,beef,high,4,low,42,7900
742,2023-07-13 16:03:39,743,cheese,medium,5,low,344,2786
743,2023-07-13 16:03:39,744,kiwi,low,4,low,220,2743
744,2023-07-13 16:03:39,745,pepsi,high,3,low,296,7464
745,2023-07-13 16:03:39,746,pepsi,medium,0,medium,277,2072
746,2023-07-13 16:03:39,747,cola,low,9,low,37,8712
747,2023-07-13 16:03:39,748,cola,low,6,high,216,4639
748,2023-07-13 16:03:39,749,yogurt,high,7,high,95,5631
749,2023-07-13 16:03:39,750,bananna,high,7,low,305,3453
750,2023-07-13 16:03:39,751,beef,medium,7,high,135,1053
751,2023-07-13 16:03:39,752,bananna,low,7,medium,12,6737
752,2023-07-13 16:03:39,753,chicken,high,7,medium,350,3941
753,2023-07-13 16:03:39,754,broccoli,low,0,low,289,1383
754,2023-07-13 16:03:39,755,bananna,low,8,low,350,5640
755,2023-07-13 16:03:39,756,kiwi,low,2,low,88,3230
756,2023-07-13 16:03:39,757,strawberry,high,1,high,56,3345
757,2023-07-13 16:03:39,758,salad,high,4,low,38,2012
758,2023-07-13 16:03:39,759,lamb,low,0,medium,121,2208
759,2023-07-13 16:03:39,760,kiwi,medium,4,low,184,2365
760,2023-07-13 16:03:39,761,chicken,medium,5,high,266,6468
761,2023-07-13 16:03:39,762,fish,medium,8,low,152,3637
762,2023-07-13 16:03:39,763,beef,medium,8,high,130,5463
763,2023-07-13 16:03:39,764,lamb,high,6,low,182,2431
764,2023-07-13 16:03:39,765,kiwi,medium,0,medium,69,6826
765,2023-07-13 16:03:39,766,pepsi,low,8,medium,155,5023
766,2023-07-13 16:03:39,767,fish,medium,1,medium,285,2002
767,2023-07-13 16:03:39,768,bananna,high,4,low,112,7952
768,2023-07-13 16:03:39,769,fish,high,0,medium,18,4287
769,2023-07-13 16:03:39,770,bananna,low,2,low,112,7947
770,2023-07-13 16:03:39,771,lamb,low,3,medium,185,6036
771,2023-07-13 16:03:39,772,kiwi,low,5,medium,101,9081
772,2023-07-13 16:03:39,773,beef,high,8,low,313,9557
773,2023-07-13 16:03:39,774,apple,high,8,low,55,9798
774,2023-07-13 16:03:39,775,cola,low,3,high,193,8967
775,2023-07-13 16:03:39,776,yogurt,low,5,medium,223,3279
776,2023-07-13 16:03:39,777,cheese,high,4,medium,293,1384
777,2023-07-13 16:03:39,778,cheese,medium,2,medium,295,9602
778,2023-07-13 16:03:39,779,bananna,medium,3,high,13,6500
779,2023-07-13 16:03:39,780,apple,high,9,high,8,3639
780,2023-07-13 16:03:39,781,chicken,low,0,medium,275,6951
781,2023-07-13 16:03:39,782,bananna,medium,5,low,334,9079
782,2023-07-13 16:03:39,783,pepsi,low,3,medium,110,3101
783,2023-07-13 16:03:39,784,fish,low,9,medium,305,8700
784,2023-07-13 16:03:39,785,lamb,medium,4,low,229,5054
785,2023-07-13 16:03:39,786,beef,low,4,medium,345,2124
786,2023-07-13 16:03:39,787,beef,high,2,low,285,8372
787,2023-07-13 16:03:39,788,yogurt,low,5,high,132,2093
788,2023-07-13 16:03:39,789,strawberry,low,6,low,361,4570
789,2023-07-13 16:03:39,790,berry,high,1,high,168,6907
790,2023-07-13 16:03:39,791,cheese,low,4,high,128,9290
791,2023-07-13 16:03:39,792,bananna,high,3,high,273,2724
792,2023-07-13 16:03:39,793,berry,low,6,low,59,6129
793,2023-07-13 16:03:39,794,yogurt,low,8,high,306,6021
794,2023-07-13 16:03:39,795,beef,high,7,low,315,2794
795,2023-07-13 16:03:39,796,kiwi,low,7,medium,310,8062
796,2023-07-13 16:03:39,797,cheese,medium,1,low,184,9619
797,2023-07-13 16:03:39,798,broccoli,medium,4,low,278,8208
798,2023-07-13 16:03:39,799,broccoli,low,7,high,162,4297
799,2023-07-13 16:03:39,800,cheese,medium,4,medium,267,7021
800,2023-07-13 16:03:39,801,bananna,low,3,high,50,5765
801,2023-07-13 16:03:39,802,yogurt,high,0,high,343,6155
802,2023-07-13 16:03:39,803,broccoli,low,2,high,347,4397
803,2023-07-13 16:03:39,804,berry,low,1,low,265,2657
804,2023-07-13 16:03:39,805,kiwi,high,5,low,166,7012
805,2023-07-13 16:03:39,806,broccoli,high,5,high,267,4575
806,2023-07-13 16:03:39,807,yogurt,low,2,medium,28,2406
807,2023-07-13 16:03:39,808,kiwi,high,5,low,69,5123
808,2023-07-13 16:03:39,809,salad,high,4,medium,326,3463
809,2023-07-13 16:03:39,810,kiwi,high,3,low,265,8064
810,2023-07-13 16:03:39,811,chicken,low,0,medium,354,6896
811,2023-07-13 16:03:39,812,cheese,low,0,high,347,6099
812,2023-07-13 16:03:39,813,lamb,medium,1,high,212,9464
813,2023-07-13 16:03:39,814,bananna,high,0,high,175,8877
814,2023-07-13 16:03:39,815,broccoli,high,6,low,2,3274
815,2023-07-13 16:03:39,816,fish,high,1,medium,94,2579
816,2023-07-13 16:03:39,817,cola,high,9,high,207,3867
817,2023-07-13 16:03:39,818,berry,low,6,low,173,9648
818,2023-07-13 16:03:39,819,apple,low,4,low,18,1356
819,2023-07-13 16:03:39,820,beef,high,9,high,256,6225
820,2023-07-13 16:03:39,821,fish,low,3,medium,188,9315
821,2023-07-13 16:03:39,822,fish,high,6,low,32,1948
822,2023-07-13 16:03:39,823,beef,high,2,low,66,3196
823,2023-07-13 16:03:39,824,broccoli,low,0,low,256,2864
824,2023-07-13 16:03:39,825,cheese,high,2,medium,160,2129
825,2023-07-13 16:03:39,826,lamb,high,2,medium,355,5071
826,2023-07-13 16:03:39,827,strawberry,high,1,medium,357,5396
827,2023-07-13 16:03:39,828,yogurt,high,8,low,56,5802
828,2023-07-13 16:03:39,829,kiwi,low,0,high,126,8465
829,2023-07-13 16:03:39,830,chicken,high,4,high,209,4837
830,2023-07-13 16:03:39,831,fish,medium,0,low,281,4773
831,2023-07-13 16:03:39,832,broccoli,high,8,low,289,2115
832,2023-07-13 16:03:39,833,cheese,low,2,medium,297,2326
833,2023-07-13 16:03:39,834,yogurt,medium,7,high,164,4084
834,2023-07-13 16:03:39,835,cola,high,3,low,159,7427
835,2023-07-13 16:03:39,836,berry,medium,5,medium,83,2278
836,2023-07-13 16:03:39,837,lamb,high,6,low,352,2576
837,2023-07-13 16:03:39,838,salad,high,3,high,55,3809
838,2023-07-13 16:03:39,839,bananna,high,7,low,130,6914
839,2023-07-13 16:03:39,840,kiwi,high,5,medium,250,8611
840,2023-07-13 16:03:39,841,chicken,high,0,medium,220,7637
841,2023-07-13 16:03:39,842,lamb,high,0,low,243,7464
842,2023-07-13 16:03:39,843,bananna,high,5,low,32,2812
843,2023-07-13 16:03:39,844,apple,low,9,low,342,8949
844,2023-07-13 16:03:39,845,pepsi,high,4,low,105,4832
845,2023-07-13 16:03:39,846,kiwi,medium,4,high,175,1413
846,2023-07-13 16:03:39,847,berry,low,2,medium,328,7466
847,2023-07-13 16:03:39,848,chicken,low,9,high,216,3649
848,2023-07-13 16:03:39,849,fish,high,5,medium,271,8007
849,2023-07-13 16:03:39,850,fish,low,2,medium,258,1132
850,2023-07-13 16:03:39,851,strawberry,low,4,low,101,5275
851,2023-07-13 16:03:39,852,beef,low,0,high,64,8916
852,2023-07-13 16:03:39,853,broccoli,high,3,high,170,8580
853,2023-07-13 16:03:39,854,apple,medium,8,medium,52,2023
854,2023-07-13 16:03:39,855,yogurt,low,0,medium,139,2214
855,2023-07-13 16:03:39,856,lamb,medium,0,high,309,5984
856,2023-07-13 16:03:39,857,strawberry,high,7,low,48,8357
857,2023-07-13 16:03:39,858,salad,high,7,low,209,3609
858,2023-07-13 16:03:39,859,yogurt,medium,0,high,39,8452
859,2023-07-13 16:03:39,860,pepsi,medium,5,low,158,2428
860,2023-07-13 16:03:39,861,cheese,high,8,medium,243,9855
861,2023-07-13 16:03:39,862,berry,medium,1,medium,131,6391
862,2023-07-13 16:03:39,863,chicken,low,2,medium,167,1960
863,2023-07-13 16:03:39,864,lamb,medium,1,high,286,5221
864,2023-07-13 16:03:39,865,chicken,medium,5,low,196,8654
865,2023-07-13 16:03:39,866,apple,high,9,low,43,3100
866,2023-07-13 16:03:39,867,kiwi,high,0,high,339,2360
867,2023-07-13 16:03:39,868,cola,low,1,medium,305,1897
868,2023-07-13 16:03:39,869,fish,medium,3,high,107,4824
869,2023-07-13 16:03:39,870,strawberry,high,7,medium,89,1883
870,2023-07-13 16:03:39,871,pepsi,medium,6,high,235,5883
871,2023-07-13 16:03:39,872,apple,medium,7,low,43,5994
872,2023-07-13 16:03:39,873,kiwi,low,6,high,46,6489
873,2023-07-13 16:03:39,874,strawberry,medium,1,medium,201,4941
874,2023-07-13 16:03:39,875,chicken,medium,0,medium,355,2698
875,2023-07-13 16:03:39,876,fish,low,5,high,197,5146
876,2023-07-13 16:03:39,877,lamb,low,0,medium,97,4260
877,2023-07-13 16:03:39,878,chicken,high,8,low,317,1290
878,2023-07-13 16:03:39,879,salad,high,6,low,76,5358
879,2023-07-13 16:03:39,880,cola,medium,0,low,286,3499
880,2023-07-13 16:03:39,881,chicken,medium,2,medium,286,8312
881,2023-07-13 16:03:39,882,beef,low,3,high,229,4094
882,2023-07-13 16:03:39,883,yogurt,medium,0,medium,105,2910
883,2023-07-13 16:03:39,884,cheese,medium,1,low,188,3235
884,2023-07-13 16:03:39,885,beef,low,1,high,286,9748
885,2023-07-13 16:03:39,886,apple,high,9,low,243,6570
886,2023-07-13 16:03:39,887,chicken,medium,2,medium,113,7515
887,2023-07-13 16:03:39,888,salad,low,3,high,357,8978
888,2023-07-13 16:03:39,889,bananna,low,6,low,59,3133
889,2023-07-13 16:03:39,890,yogurt,low,3,high,316,6228
890,2023-07-13 16:03:39,891,berry,high,1,high,11,3788
891,2023-07-13 16:03:39,892,strawberry,medium,6,low,259,3389
892,2023-07-13 16:03:39,893,salad,high,4,high,24,5671
893,2023-07-13 16:03:39,894,yogurt,low,4,low,13,2280
894,2023-07-13 16:03:39,895,fish,medium,2,medium,284,2305
895,2023-07-13 16:03:39,896,lamb,medium,5,high,361,3861
896,2023-07-13 16:03:39,897,berry,medium,8,low,172,3595
897,2023-07-13 16:03:39,898,fish,medium,6,high,285,7861
898,2023-07-13 16:03:39,899,salad,medium,1,high,283,6805
899,2023-07-13 16:03:39,900,strawberry,medium,4,high,218,3156
900,2023-07-13 16:03:39,901,berry,medium,3,high,91,3308
901,2023-07-13 16:03:39,902,cola,low,5,high,20,1915
902,2023-07-13 16:03:39,903,chicken,high,6,high,268,6150
903,2023-07-13 16:03:39,904,bananna,low,3,medium,144,7015
904,2023-07-13 16:03:39,905,chicken,high,5,high,310,8493
905,2023-07-13 16:03:39,906,broccoli,medium,8,low,273,1432
906,2023-07-13 16:03:39,907,strawberry,high,8,low,228,6885
907,2023-07-13 16:03:39,908,cola,high,0,low,103,6691
908,2023-07-13 16:03:39,909,cheese,low,1,medium,11,4875
909,2023-07-13 16:03:39,910,pepsi,medium,6,high,214,1332
910,2023-07-13 16:03:39,911,yogurt,medium,2,high,245,9983
911,2023-07-13 16:03:39,912,beef,low,7,low,246,7216
912,2023-07-13 16:03:39,913,strawberry,high,6,medium,198,2500
913,2023-07-13 16:03:39,914,salad,low,0,medium,72,6076
914,2023-07-13 16:03:39,915,chicken,low,7,high,101,8103
915,2023-07-13 16:03:39,916,broccoli,high,3,low,249,8840
916,2023-07-13 16:03:39,917,cola,high,8,medium,177,1961
917,2023-07-13 16:03:39,918,fish,low,4,medium,3,4756
918,2023-07-13 16:03:39,919,beef,high,6,high,351,2777
919,2023-07-13 16:03:39,920,yogurt,low,3,medium,358,5183
920,2023-07-13 16:03:39,921,broccoli,low,2,low,125,8818
921,2023-07-13 16:03:39,922,yogurt,medium,3,low,217,3287
922,2023-07-13 16:03:39,923,strawberry,high,0,low,254,9504
923,2023-07-13 16:03:39,924,strawberry,high,9,low,66,2096
924,2023-07-13 16:03:39,925,broccoli,high,3,low,256,1046
925,2023-07-13 16:03:39,926,fish,high,2,high,322,3756
926,2023-07-13 16:03:39,927,berry,low,6,high,233,4464
927,2023-07-13 16:03:39,928,fish,low,5,medium,155,4352
928,2023-07-13 16:03:39,929,salad,medium,2,high,49,8934
929,2023-07-13 16:03:39,930,pepsi,low,2,high,178,8831
930,2023-07-13 16:03:39,931,strawberry,medium,0,high,272,4692
931,2023-07-13 16:03:39,932,fish,high,1,high,260,1694
932,2023-07-13 16:03:39,933,lamb,high,5,high,20,1624
933,2023-07-13 16:03:39,934,fish,medium,6,low,304,4968
934,2023-07-13 16:03:39,935,cheese,medium,5,medium,89,8968
935,2023-07-13 16:03:39,936,broccoli,medium,4,medium,60,1987
936,2023-07-13 16:03:39,937,bananna,medium,0,high,33,5186
937,2023-07-13 16:03:39,938,bananna,medium,4,low,196,3336
938,2023-07-13 16:03:39,939,beef,high,5,high,38,3822
939,2023-07-13 16:03:39,940,bananna,high,7,high,53,3184
940,2023-07-13 16:03:39,941,fish,medium,8,low,262,4368
941,2023-07-13 16:03:39,942,cola,low,3,low,118,5424
942,2023-07-13 16:03:39,943,cheese,high,9,medium,167,1336
943,2023-07-13 16:03:39,944,berry,medium,0,medium,267,2189
944,2023-07-13 16:03:39,945,cheese,low,8,medium,130,1622
945,2023-07-13 16:03:39,946,salad,medium,7,low,301,6348
946,2023-07-13 16:03:39,947,apple,high,3,medium,332,3152
947,2023-07-13 16:03:39,948,bananna,low,5,low,25,3149
948,2023-07-13 16:03:39,949,lamb,low,9,medium,217,2324
949,2023-07-13 16:03:39,950,bananna,high,1,low,294,5024
950,2023-07-13 16:03:39,951,chicken,low,5,low,15,6590
951,2023-07-13 16:03:39,952,bananna,high,9,low,121,4089
952,2023-07-13 16:03:39,953,apple,medium,0,low,335,7310
953,2023-07-13 16:03:39,954,cheese,low,9,high,200,6867
954,2023-07-13 16:03:39,955,bananna,medium,0,high,158,3386
955,2023-07-13 16:03:39,956,cheese,low,6,low,262,3442
956,2023-07-13 16:03:39,957,broccoli,medium,6,low,150,1576
957,2023-07-13 16:03:39,958,berry,high,2,medium,258,3914
958,2023-07-13 16:03:39,959,kiwi,medium,4,high,292,8230
959,2023-07-13 16:03:39,960,cheese,high,4,low,336,9369
960,2023-07-13 16:03:39,961,berry,medium,8,low,54,4089
961,2023-07-13 16:03:39,962,cola,low,1,medium,354,7784
962,2023-07-13 16:03:39,963,apple,medium,8,medium,230,9970
963,2023-07-13 16:03:39,964,pepsi,medium,8,low,89,8663
964,2023-07-13 16:03:39,965,broccoli,high,7,low,232,5347
965,2023-07-13 16:03:39,966,fish,low,1,medium,292,5140
966,2023-07-13 16:03:39,967,beef,high,2,high,95,7654
967,2023-07-13 16:03:39,968,berry,high,4,high,84,3381
968,2023-07-13 16:03:39,969,beef,low,5,low,143,2726
969,2023-07-13 16:03:39,970,strawberry,high,3,low,297,2952
970,2023-07-13 16:03:39,971,bananna,medium,7,low,212,2271
971,2023-07-13 16:03:39,972,kiwi,low,4,low,219,1721
972,2023-07-13 16:03:39,973,chicken,low,4,high,242,7772
973,2023-07-13 16:03:39,974,salad,low,5,high,228,8142
974,2023-07-13 16:03:39,975,fish,high,9,high,305,9220
975,2023-07-13 16:03:39,976,chicken,high,7,medium,181,8088
976,2023-07-13 16:03:39,977,cheese,medium,4,low,53,8443
977,2023-07-13 16:03:39,978,berry,medium,6,high,225,6512
978,2023-07-13 16:03:39,979,bananna,medium,6,high,236,1493
979,2023-07-13 16:03:39,980,cheese,medium,0,high,336,6005
980,2023-07-13 16:03:39,981,apple,high,4,medium,103,5010
981,2023-07-13 16:03:39,982,chicken,high,4,high,245,7457
982,2023-07-13 16:03:39,983,fish,low,0,low,167,8656
983,2023-07-13 16:03:39,984,strawberry,high,9,low,26,6841
984,2023-07-13 16:03:39,985,salad,high,4,low,175,1777
985,2023-07-13 16:03:39,986,yogurt,low,1,low,89,5058
986,2023-07-13 16:03:39,987,strawberry,low,9,medium,208,9046
987,2023-07-13 16:03:39,988,broccoli,high,3,medium,350,4286
988,2023-07-13 16:03:39,989,yogurt,high,2,medium,12,7579
989,2023-07-13 16:03:39,990,beef,medium,2,high,130,7235
990,2023-07-13 16:03:39,991,chicken,low,9,medium,144,5908
991,2023-07-13 16:03:39,992,beef,high,3,medium,324,3235
992,2023-07-13 16:03:39,993,fish,medium,9,low,266,7943
993,2023-07-13 16:03:39,994,kiwi,high,6,medium,85,5963
994,2023-07-13 16:03:39,995,broccoli,medium,1,medium,204,4221
995,2023-07-13 16:03:39,996,apple,high,0,low,291,4569
996,2023-07-13 16:03:39,997,lamb,low,9,medium,93,1205
997,2023-07-13 16:03:39,998,kiwi,medium,1,medium,303,5641
998,2023-07-13 16:03:39,999,chicken,medium,0,high,95,5879
999,2023-07-13 16:03:39,1000,beef,high,0,high,76,6224
